t,x1,x2
0.0,1.0,1.0
0.01,1.01,0.99
0.02,1.0199,0.9799
0.03,1.029699,0.969701
0.04,1.03939601,0.9594040100000001
0.05,1.0489900501,0.9490100499
0.060000000000000005,1.058480150599,0.9385201493990001
0.07,1.06786535209299,0.9279353478930101
0.08,1.07714470557192,0.9172566943720802
0.09,1.086317272515641,0.906485247316361
0.09999999999999999,1.0953821249888045,0.8956220745912047
0.10999999999999999,1.1043383457347165,0.8846682533413166
0.11999999999999998,1.1131850282681297,0.8736248698839695
0.12999999999999998,1.1219212769669693,0.8624930196012882
0.13999999999999999,1.1305462071629822,0.8512738068316186
0.15,1.1390589452312982,0.8399683447599887
0.16,1.1474586286788981,0.8285777553076757
0.17,1.1557444062319748,0.8171031690208868
0.18000000000000002,1.1639154379221837,0.805545724958567
0.19000000000000003,1.1719708951717693,0.7939065705793452
0.20000000000000004,1.1799099608775627,0.7821868616276275
0.21000000000000005,1.187731829493839,0.7703877620188518
0.22000000000000006,1.1954357071140276,0.7585104437239134
0.23000000000000007,1.2030208115512666,0.7465560866527732
0.24000000000000007,1.2104863724177943,0.7345258785372605
0.25000000000000006,1.217831631203167,0.7224210148130825
0.26000000000000006,1.2250558413512977,0.7102426985010508
0.2700000000000001,1.2321582683363081,0.6979921400875378
0.2800000000000001,1.2391381897371836,0.6856705574041748
0.2900000000000001,1.2459948953112254,0.6732791755068029
0.3000000000000001,1.2527276870662936,0.6608192265536907
0.3100000000000001,1.2593358793318306,0.6482919496830278
0.3200000000000001,1.2658187988286609,0.6356985908897095
0.3300000000000001,1.2721757847375579,0.6230404029014228
0.34000000000000014,1.278406188766572,0.6103186450540472
0.35000000000000014,1.2845093752171126,0.5975345831663815
0.36000000000000015,1.2904847210487764,0.5846894894142104
0.37000000000000016,1.2963316159429186,0.5717846422037226
0.38000000000000017,1.302049462364956,0.5588213260442935
0.3900000000000002,1.307637675625399,0.545800831420644
0.4000000000000002,1.3130956839396053,0.53272445466439
0.4100000000000002,1.3184229284862492,0.519593497824994
0.4200000000000002,1.3236188634644992,0.5064092685401315
0.4300000000000002,1.3286829561499005,0.4931730799054865
0.4400000000000002,1.3336146869489554,0.47988625034398746
0.45000000000000023,1.3384135494523952,0.46655010347449793
0.46000000000000024,1.3430790504871402,0.453165967979974
0.47000000000000025,1.34761071016694,0.4397351774751026
0.48000000000000026,1.352008061941691,0.4262590703734332
0.49000000000000027,1.3562706526454253,0.4127389897540163
0.5000000000000002,1.3603980425429656,0.39917628322756205
0.5100000000000002,1.3643898053752412,0.3855723028021324
0.5200000000000002,1.3682455284032626,0.37192840474837996
0.5300000000000002,1.3719648124507464,0.35824594946434735
0.5400000000000003,1.3755472719453898,0.34452630133983986
0.5500000000000003,1.3789925349587882,0.330770828620386
0.5600000000000003,1.382300243244992,0.3169809032707981
0.5700000000000003,1.3854700522777,0.30315790083834815
0.5800000000000003,1.3885016312860834,0.28930320031557116
0.5900000000000003,1.391394663289239,0.27541818400271034
0.6000000000000003,1.3941488451292663,0.2615042373698179
0.6100000000000003,1.3967638875029644,0.24756274891852525
0.6200000000000003,1.3992395149921497,0.23359511004349562
0.6300000000000003,1.4015754660925848,0.21960271489357414
0.6400000000000003,1.4037714932415204,0.20558696023264827
0.6500000000000004,1.405827362843847,0.19154924530023307
0.6600000000000004,1.4077428552968492,0.1774909716717946
0.6700000000000004,1.409517765013567,0.1634135431188261
0.6800000000000004,1.4111519004447552,0.14931836546869043
0.6900000000000004,1.4126450840994422,0.13520684646424289
0.7000000000000004,1.4139971525640846,0.12108039562324846
0.7100000000000004,1.415207956520317,0.10694042409760761
0.7200000000000004,1.416277360761293,0.09278834453240443
0.7300000000000004,1.4172052442066172,0.0786255709247915
0.7400000000000004,1.4179914999158652,0.06445351848272532
0.7500000000000004,1.4186360351006924,0.050273603483566666
0.7600000000000005,1.419138771135528,0.036087243132559746
0.7700000000000005,1.4194996435668537,0.021895855421204466
0.7800000000000005,1.4197186021210657,0.007700858985535929
0.7900000000000005,1.419795610710921,-0.0064963270356747285
0.8000000000000005,1.4197306474405644,-0.02069428314278394
0.8100000000000005,1.4195237046091367,-0.034891589617189585
0.8200000000000005,1.4191747887129649,-0.04908682666328095
0.8300000000000005,1.418683920446332,-0.0632785745504106
0.8400000000000005,1.4180511347008278,-0.07746541375487391
0.8500000000000005,1.417276480563279,-0.09164592510188219
0.8600000000000005,1.41636002131226,-0.10581868990751497
0.8700000000000006,1.415301834413185,-0.11998229012063757
0.8800000000000006,1.4141020115119785,-0.13413530846476943
0.8900000000000006,1.4127606584273307,-0.1482763285798892
0.9000000000000006,1.4112778951415317,-0.16240393516416252
0.9100000000000006,1.40965385578989,-0.17651671411557784
0.9200000000000006,1.4078886886487343,-0.19061325267347676
0.9300000000000006,1.4059825561219996,-0.2046921395599641
0.9400000000000006,1.4039356347264,-0.21875196512118408
0.9500000000000006,1.4017481150751883,-0.23279132146844808
0.9600000000000006,1.3994202018605038,-0.24680880261919996
0.9700000000000006,1.3969521138343117,-0.260803004637805
0.9800000000000006,1.3943440837879337,-0.2747725257761481
0.9900000000000007,1.3915963585301723,-0.28871596661402743
1.0000000000000007,1.388709198864032,-0.30263193019932916
1.0100000000000007,1.3856828795620388,-0.31651902218796946
1.0200000000000007,1.3825176893401592,-0.33037585098358985
1.0300000000000007,1.3792139308303233,-0.3442010278769914
1.0400000000000007,1.3757719205515533,-0.35799316718529467
1.0500000000000007,1.3721919888797003,-0.3717508863908102
1.0600000000000007,1.3684744800157922,-0.3854728062796072
1.0700000000000007,1.3646197519529961,-0.39915755107976514
1.0800000000000007,1.3606281764421984,-0.4128037485992951
1.0900000000000007,1.3565001389562055,-0.42641003036371705
1.1000000000000008,1.3522360386525683,-0.4399750317532791
1.1100000000000008,1.3478362883350354,-0.4534973921398048
1.1200000000000008,1.3433013144136374,-0.46697575502315514
1.1300000000000008,1.338631556863406,-0.4804087681672915
1.1400000000000008,1.3338274691817331,-0.49379508373592557
1.1500000000000008,1.3288895183443739,-0.5071333584277429
1.1600000000000008,1.3238181847600965,-0.5204222536111867
1.1700000000000008,1.3186139622239845,-0.5336604354587876
1.1800000000000008,1.3132773578693966,-0.5468465750810274
1.1900000000000008,1.3078088921185864,-0.5599793486597213
1.2000000000000008,1.3022090986319892,-0.5730574375809072
1.2100000000000009,1.29647852425618,-0.5860795285672271
1.2200000000000009,1.2906177289705079,-0.599044313809789
1.2300000000000009,1.28462728583241,-0.6119504910994941
1.2400000000000009,1.278507780921415,-0.6247967639578181
1.2500000000000009,1.2722598132818368,-0.6375818417670323
1.260000000000001,1.2658839948641665,-0.6503044398998507
1.270000000000001,1.259380950465168,-0.6629632798484923
1.280000000000001,1.2527513176666831,-0.6755570893531441
1.290000000000001,1.2459957467731517,-0.6880846025298109
1.300000000000001,1.2391149007478537,-0.7005445599975424
1.310000000000001,1.2321094551478782,-0.7129357090050209
1.320000000000001,1.224980098057828,-0.7252568035564997
1.330000000000001,1.217727530022263,-0.737506604537078
1.340000000000001,1.2103524639768921,-0.7496838798373006
1.350000000000001,1.2028556251785192,-0.7617874044770695
1.360000000000001,1.1952377511337484,-0.7738159607288547
1.370000000000001,1.18749959152646,-0.7857683382401922
1.380000000000001,1.179641908144058,-0.7976433341554569
1.390000000000001,1.1716654748025033,-0.8094397532368974
1.400000000000001,1.1635710772701342,-0.8211564079849225
1.410000000000001,1.155359513190285,-0.8327921187576238
1.420000000000001,1.1470315920027088,-0.8443457138895267
1.430000000000001,1.1385881348638136,-0.8558160298095538
1.440000000000001,1.130029974565718,-0.867201911158192
1.450000000000001,1.1213579554541362,-0.8785022109038492
1.460000000000001,1.1125729333450978,-0.8897157904583906
1.470000000000001,1.1036757754405138,-0.9008415197918416
1.480000000000001,1.0946673602425954,-0.9118782775462467
1.490000000000001,1.085548577467133,-0.9228249511486727
1.500000000000001,1.0763203279556461,-0.933680436923344
1.5100000000000011,1.0669835235864127,-0.9444436402029005
1.5200000000000011,1.0575390871843837,-0.9551134754387647
1.5300000000000011,1.047987952429996,-0.9656888663106085
1.5400000000000011,1.0383310637668899,-0.9761687458349084
1.5500000000000012,1.0285693763085408,-0.9865520564725774
1.5600000000000012,1.018703855743815,-0.9968377502356628
1.5700000000000012,1.0087354782414584,-1.007024788793101
1.5800000000000012,0.9986652303535274,-1.0171121435755155
1.5900000000000012,0.9884941089177722,-1.0270987958790507
1.6000000000000012,0.9782231209589817,-1.0369837369682284
1.6100000000000012,0.9678532835892993,-1.0467659681778183
1.6200000000000012,0.9573856239075211,-1.0564445010137113
1.6300000000000012,0.946821178897384,-1.0660183572527866
1.6400000000000012,0.9361609953248562,-1.0754865690417605
1.6500000000000012,0.9254061296344386,-1.084848178995009
1.6600000000000013,0.9145576478444885,-1.0941022402913534
1.6700000000000013,0.903616625441575,-1.1032478167697983
1.6800000000000013,0.8925841472738769,-1.1122839830242142
1.6900000000000013,0.8814613074436348,-1.1212098244969528
1.7000000000000013,0.8702492091986653,-1.1300244375713893
1.7100000000000013,0.8589489648229515,-1.138726929663376
1.7200000000000013,0.8475616955263177,-1.1473164193116054
1.7300000000000013,0.8360885313332016,-1.1557920362668685
1.7400000000000013,0.8245306109705329,-1.1641529215802007
1.7500000000000013,0.812889081754731,-1.172398227689906
1.7600000000000013,0.8011650994778319,-1.1805271185074535
1.7700000000000014,0.7893598282927573,-1.1885387695022318
1.7800000000000014,0.777474440597735,-1.1964323677851594
1.7900000000000014,0.7655101169198834,-1.2042071121911366
1.8000000000000014,0.753468045797972,-1.2118622133603354
1.8100000000000014,0.7413494236643686,-1.219396893818315
1.8200000000000014,0.7291554547261855,-1.2268103880549588
1.8300000000000014,0.7168873508456359,-1.2341019426022206
1.8400000000000014,0.7045463314196138,-1.241270816110677
1.8500000000000014,0.692133623258507,-1.248316279424873
1.8600000000000014,0.6796504604642583,-1.255237615657458
1.8700000000000014,0.6670980843076837,-1.2620341202621006
1.8800000000000014,0.6544777431050627,-1.2687051011051775
1.8900000000000015,0.6417906920940109,-1.275249878536228
1.9000000000000015,0.6290381933086485,-1.281667785457168
1.9100000000000015,0.6162215154540769,-1.2879581673902545
1.9200000000000015,0.6033419337801743,-1.2941203825447953
1.9300000000000015,0.5904007299547264,-1.300153801882597
1.9400000000000015,0.5773991919359004,-1.3060578091821444
1.9500000000000015,0.5643386138440789,-1.3118318011015033
1.9600000000000015,0.5512202958330639,-1.3174751872399442
1.9700000000000015,0.5380455439606644,-1.3229873901982747
1.9800000000000015,0.5248156700586817,-1.3283678456378814
1.9900000000000015,0.5115319916023029,-1.3336160023384682
2.0000000000000013,0.4981958315789182,-1.3387313222544912
2.010000000000001,0.4848085183563733,-1.3437132805702805
2.020000000000001,0.4713713855506705,-1.3485613657538442
2.0300000000000007,0.45788577189313207,-1.353275079609351
2.0400000000000005,0.44435302109703856,-1.3578539373282823
2.0500000000000003,0.4307744817237557,-1.3622974675392527
2.06,0.4171515070483632,-1.3666052123564902
2.07,0.40348545492479826,-1.3707767274269738
2.0799999999999996,0.3897776876505285,-1.3748115819762217
2.0899999999999994,0.3760295718307663,-1.378709358852727
2.099999999999999,0.36224247824223904,-1.3824696545710347
2.109999999999999,0.3484177816965287,-1.386092079353457
2.1199999999999988,0.33455686090299414,-1.3895762571704222
2.1299999999999986,0.3206610983312899,-1.3929218257794522
2.1399999999999983,0.3067318800734954,-1.396128436762765
2.149999999999998,0.2927705957058677,-1.3991957555635
2.159999999999998,0.27877863815023274,-1.4021234615205587
2.1699999999999977,0.26475740353502714,-1.404911247902061
2.1799999999999975,0.2507082910560065,-1.407558821937411
2.1899999999999973,0.2366327028366324,-1.4100659048479711
2.199999999999997,0.2225320437881527,-1.4124322318763374
2.209999999999997,0.20840772146938932,-1.4146575523142189
2.2199999999999966,0.19426114594624713,-1.4167416295289128
2.2299999999999964,0.180093729650958,-1.4186842409883753
2.239999999999996,0.16590688724107425,-1.4204851782848849
2.249999999999996,0.1517020354582254,-1.4221442471572956
2.259999999999996,0.13748059298665244,-1.4236612675118778
2.2699999999999956,0.12324398031153366,-1.4250360734417444
2.2799999999999954,0.10899361957711622,-1.4262685132448598
2.289999999999995,0.09473093444466762,-1.427358449440631
2.299999999999995,0.08045734995026131,-1.4283057587850778
2.3099999999999947,0.06617429236241053,-1.4291103322845804
2.3199999999999945,0.05188318903956472,-1.4297720752082046
2.3299999999999943,0.03758546828748267,-1.4302909070986003
2.339999999999994,0.02328255921649667,-1.4306667617814752
2.349999999999994,0.008975891598681916,-1.43089958737364
2.3599999999999937,-0.005333104275054484,-1.4309893462896268
2.3699999999999934,-0.01964299773795075,-1.4309360152468762
2.3799999999999932,-0.03395235789041951,-1.4307395852694966
2.389999999999993,-0.048259753743114475,-1.4304000616905925
2.399999999999993,-0.0625637543600204,-1.4299174641531613
2.4099999999999926,-0.07686292900155202,-1.4292918266095611
2.4199999999999924,-0.09115584726764762,-1.4285231973195456
2.429999999999992,-0.10544107924084307,-1.4276116388468691
2.439999999999992,-0.11971719562931177,-1.4265572280544607
2.4499999999999917,-0.1339827679098564,-1.4253600560981676
2.4599999999999915,-0.14823636847083807,-1.424020228419069
2.4699999999999913,-0.16247657075502875,-1.4225378647343607
2.479999999999991,-0.17670194940237235,-1.4209130990268104
2.489999999999991,-0.19091108039264046,-1.4191460795327866
2.4999999999999907,-0.20510254118796833,-1.4172369687288602
2.5099999999999905,-0.21927491087525694,-1.4151859433169804
2.5199999999999902,-0.23342677030842673,-1.4129931942082279
2.52999999999999,-0.24755670225050902,-1.4106589265051437
2.53999999999999,-0.26166329151556045,-1.4081833594826385
2.5499999999999896,-0.27574512511038685,-1.405566726567483
2.5599999999999894,-0.28980079237606166,-1.402809275316379
2.569999999999989,-0.30382888512922546,-1.3999112673926184
2.579999999999989,-0.31782799780315163,-1.396872978541326
2.5899999999999888,-0.3317967275885649,-1.3936946985632945
2.5999999999999885,-0.34573367457419785,-1.390376731287409
2.6099999999999883,-0.3596374418870719,-1.386919394541667
2.619999999999988,-0.3735066358324886,-1.3833230201227962
2.629999999999988,-0.38733986603371656,-1.3795879537644713
2.6399999999999877,-0.4011357455713613,-1.375714555104134
2.6499999999999875,-0.41489289112240263,-1.3717031976484204
2.6599999999999873,-0.42860992309888685,-1.3675542687371964
2.669999999999987,-0.4422854657862588,-1.3632681695062077
2.679999999999987,-0.4559181474813209,-1.358845314848345
2.6899999999999866,-0.46950660062980437,-1.3542861333735319
2.6999999999999864,-0.4830494619635397,-1.3495910673672338
2.709999999999986,-0.49654537263721205,-1.3447605727475984
2.719999999999986,-0.509992978364688,-1.3397951190212263
2.7299999999999858,-0.5233909295549003,-1.3346951892375793
2.7399999999999856,-0.5367378814472761,-1.3294612799420304
2.7499999999999853,-0.5500324942466964,-1.3240939011275576
2.759999999999985,-0.563273433257972,-1.3185935761850907
2.769999999999985,-0.5764593690198229,-1.312960841852511
2.7799999999999847,-0.5895889774383479,-1.3071962481623127
2.7899999999999845,-0.602660939919971,-1.3013003583879292
2.7999999999999843,-0.6156739435038503,-1.2952737489887296
2.809999999999984,-0.6286266809937376,-1.289117009553691
2.819999999999984,-0.6415178510892745,-1.2828307427437537
2.8299999999999836,-0.6543461585167121,-1.276415564232861
2.8399999999999834,-0.6671103141590407,-1.2698721026476938
2.849999999999983,-0.6798090351855176,-1.2632009995061033
2.859999999999983,-0.6924410451805787,-1.2564029091542481
2.869999999999983,-0.7050050742721212,-1.2494784987024423
2.8799999999999826,-0.7174998592591456,-1.2424284479597212
2.8899999999999824,-0.7299241437387428,-1.2352534493671297
2.899999999999982,-0.7422766782324142,-1.2279542079297423
2.909999999999982,-0.7545562203117115,-1.2205314411474182
2.9199999999999817,-0.7667615347231858,-1.212985878944301
2.9299999999999815,-0.7788913935126288,-1.2053182635970692
2.9399999999999813,-0.7909445761485995,-1.1975293496619428
2.949999999999981,-0.8029198696452189,-1.189619903900457
2.959999999999981,-0.8148160686842234,-1.1815907052040047
2.9699999999999807,-0.8266319757362635,-1.1734425445171623
2.9799999999999804,-0.8383664011814351,-1.1651762247597997
2.9899999999999802,-0.8500181634290331,-1.1567925607479852
2.99999999999998,-0.861586089036513,-1.148292379113695
3.00999999999998,-0.8730690128276499,-1.13967651822333
3.0199999999999796,-0.8844657780098832,-1.1309458280950535
3.0299999999999794,-0.8957752362908338,-1.1221011703149546
3.039999999999979,-0.9069962479939834,-1.1131434179520463
3.049999999999979,-0.9181276821735038,-1.1040734554721066
3.0599999999999787,-0.9291684167282249,-1.0948921786503716
3.0699999999999785,-0.9401173385147287,-1.0856004944830893
3.0799999999999783,-0.9509733434595595,-1.076199321097942
3.089999999999978,-0.9617353366705389,-1.0666895876633464
3.099999999999978,-0.9724022325471724,-1.057072234296641
3.1099999999999777,-0.9829729548901388,-1.0473482119711692
3.1199999999999775,-0.9934464370098505,-1.0375184824222679
3.1299999999999772,-1.0038216218340732,-1.0275840180521694
3.139999999999977,-1.0140974620145948,-1.0175458018338286
3.149999999999977,-1.024272920032933,-1.0074048272136826
3.1599999999999766,-1.03434696830507,-0.9971620980133533
3.1699999999999764,-1.0443185892852034,-0.9868186283303026
3.179999999999976,-1.0541867755685064,-0.9763754424374507
3.189999999999976,-1.0639505299928809,-0.9658335746817656
3.1999999999999758,-1.0736088657396985,-0.9551940693818367
3.2099999999999755,-1.0831608064335168,-0.9444579807244398
3.2199999999999753,-1.0926053862407612,-0.9336263726601046
3.229999999999975,-1.1019416499673622,-0.922700318797697
3.239999999999975,-1.111168653155339,-0.9116809022980233
3.2499999999999747,-1.1202854621783194,-0.90056921576647
3.2599999999999745,-1.129291154335984,-0.8893663611446868
3.2699999999999743,-1.138184817947431,-0.8780734496013269
3.279999999999974,-1.1469655524434443,-0.8666916014218526
3.289999999999974,-1.1556324684576629,-0.8552219458974182
3.2999999999999736,-1.164184687916637,-0.8436656212128415
3.3099999999999734,-1.1726213441287656,-0.8320237743336751
3.319999999999973,-1.1809415818721023,-0.8202975608923875
3.329999999999973,-1.1891445574810262,-0.8084881450736665
3.3399999999999728,-1.1972294389317628,-0.7965966994988563
3.3499999999999726,-1.2051954059267513,-0.7846244051095386
3.3599999999999723,-1.2130416499778467,-0.7725724510502711
3.369999999999972,-1.2207673744883494,-0.7604420345504926
3.379999999999972,-1.2283717948338544,-0.7482343608056091
3.3899999999999717,-1.2358541384419104,-0.7359506428572706
3.3999999999999715,-1.2432136448704831,-0.7235921014728516
3.4099999999999713,-1.2504495658852117,-0.7111599650241468
3.419999999999971,-1.2575611655354533,-0.6986554693652947
3.429999999999971,-1.2645477202291062,-0.6860798577099402
3.4399999999999706,-1.2714085188062056,-0.6734343805076491
3.4499999999999704,-1.278142862611282,-0.6607202953195871
3.45999999999997,-1.284750065564478,-0.6479388666934742
3.46999999999997,-1.2912294542314127,-0.6350913660378295
3.47999999999997,-1.297580367891791,-0.6221790714955153
3.4899999999999696,-1.303802158606746,-0.6092032678165974
3.4999999999999694,-1.309894191284912,-0.5961652462305299
3.509999999999969,-1.3158558437472174,-0.5830663043176808
3.519999999999969,-1.3216865067903942,-0.5699077458802086
3.5299999999999687,-1.3273855842491964,-0.5566908808123047
3.5399999999999685,-1.3329524930573193,-0.5434170249698127
3.5499999999999683,-1.3383866633070174,-0.5300875000392395
3.559999999999968,-1.3436875383074098,-0.5167036334061694
3.569999999999968,-1.3488545746414715,-0.5032667580230953
3.5799999999999677,-1.3538872422217025,-0.48977821227668056
3.5899999999999674,-1.3587850243444692,-0.47623933985446354
3.5999999999999672,-1.3635474177430138,-0.4626514896110189
3.609999999999967,-1.368173932639124,-0.4490160154335887
3.619999999999967,-1.37266409279346,-0.4353342761071975
3.6299999999999666,-1.377017435554532,-0.4216076351792629
3.6399999999999664,-1.3812335119063246,-0.4078374608237176
3.649999999999966,-1.3853118865145617,-0.3940251257046543
3.659999999999966,-1.3892521377716083,-0.3801720068395087
3.6699999999999657,-1.3930538578400034,-0.3662794854617926
3.6799999999999655,-1.3967166526946213,-0.3523489468833926
3.6899999999999653,-1.4002401421634552,-0.33838178035644634
3.699999999999965,-1.4036239599670197,-0.3243793789348118
3.709999999999965,-1.4068677537563679,-0.31034313933514157
3.7199999999999647,-1.4099711851497192,-0.2962744617975779
3.7299999999999645,-1.412933929767695,-0.2821747499460807
3.7399999999999642,-1.4157556772671558,-0.26804541064840376
3.749999999999964,-1.4184361313736398,-0.2538878538757322
3.759999999999964,-1.420975009912397,-0.2397034925619958
3.7699999999999636,-1.423372044838017,-0.22549374246287182
3.7799999999999634,-1.4256269822626457,-0.21126002201449165
3.789999999999963,-1.4277395824827905,-0.1970037521918652
3.799999999999963,-1.4297096200047092,-0.1827263563670373
3.8099999999999627,-1.4315368835683797,-0.1684292601669902
3.8199999999999625,-1.4332211761700495,-0.1541138913313064
3.8299999999999623,-1.4347623150833626,-0.1397816795696059
3.839999999999962,-1.4361601318790587,-0.12543405641877228
3.849999999999962,-1.4374144724432465,-0.11107245509998169
3.8599999999999617,-1.4385251969942463,-0.09669831037554923
3.8699999999999615,-1.4394921800980018,-0.08231305840560676
3.8799999999999613,-1.4403153106820579,-0.06791813660462674
3.889999999999961,-1.4409944920481041,-0.05351498349780616
3.899999999999961,-1.4415296418830823,-0.03910503857732512
3.9099999999999606,-1.4419206922688557,-0.024689742158494295
3.9199999999999604,-1.4421675896904407,-0.010270535235805739
3.92999999999996,-1.4422702950427988,0.004151140661098668
3.93999999999996,-1.4422287836361878,0.018573843611526655
3.9499999999999598,-1.4420430452000725,0.03299613144788853
3.9599999999999596,-1.4417130838855936,0.047416561899889256
3.9699999999999593,-1.4412389182665948,0.06183369273874519
3.979999999999959,-1.4406205813392072,0.07624608192141114
3.989999999999959,-1.4398581205199932,0.0906522877348032
3.9999999999999587,-1.4389515976426452,0.10505086894000314
4.009999999999959,-1.4379010889532453,0.11944038491642958
4.019999999999959,-1.436706685104081,0.13381939580596203
4.0299999999999585,-1.4353684911460214,0.14818646265700283
4.039999999999958,-1.4338866265194514,0.16254014756846305
4.049999999999958,-1.4322612250437667,0.17687901383365756
4.059999999999958,-1.4304924349054302,0.19120162608409522
4.069999999999958,-1.4285804186445892,0.20550655043314953
4.079999999999957,-1.4265253531402577,0.21979235461959543
4.089999999999957,-1.4243274295940618,0.234057608150998
4.099999999999957,-1.4219868535125517,0.2483008824469386
4.109999999999957,-1.4195038446880823,0.2625207509820641
4.119999999999957,-1.4168786371782618,0.2767157894289449
4.129999999999956,-1.4141114792839724,0.2908845758007275
4.139999999999956,-1.411202633525965,0.30502569059356727
4.149999999999956,-1.4081523766200295,0.3191377169288269
4.159999999999956,-1.4049609994507413,0.33321924069502723
4.1699999999999555,-1.401628807043791,0.34726885068953467
4.179999999999955,-1.3981561185368956,0.3612851387599726
4.189999999999955,-1.3945432671492959,0.37526669994534156
4.199999999999955,-1.3907906001498425,0.3892121326168345
4.209999999999955,-1.386898478823674,0.40312003861833295
4.2199999999999545,-1.3828672784374907,0.4169890234065697
4.229999999999954,-1.378697388203425,0.43081769619094457
4.239999999999954,-1.3743892112415155,0.4446046700729788
4.249999999999954,-1.3699431645407858,0.458348562185394
4.259999999999954,-1.365359678918932,0.47204799383080187
4.269999999999953,-1.360639198980624,0.4857015906199912
4.279999999999953,-1.355782183074424,0.4993079826097974
4.289999999999953,-1.3507891032483261,0.5128658044405416
4.299999999999953,-1.3456604452039207,0.5263736954730249
4.3099999999999525,-1.3403967082491905,0.5398302999250641
4.319999999999952,-1.33499840524994,0.5532342670075561
4.329999999999952,-1.3294660625798644,0.5665842510600555
4.339999999999952,-1.3238002200692638,0.5798789116858541
4.349999999999952,-1.3180014309524053,0.5931169138865467
4.3599999999999515,-1.3120702618135398,0.6062969281960708
4.369999999999951,-1.306007292531579,0.6194176308142062
4.379999999999951,-1.299813116223437,0.632477703739522
4.389999999999951,-1.2934883391860417,0.6454758349017563
4.399999999999951,-1.2870335808370241,0.6584107182936167
4.40999999999995,-1.280449473654088,0.671281054101987
4.41999999999995,-1.273736663113068,0.6840855488385279
4.42999999999995,-1.2668958076246828,0.6968229154696586
4.43999999999995,-1.2599275784699862,0.7094918735459054
4.4499999999999496,-1.2528326597345272,0.7220911493306053
4.459999999999949,-1.2456117482412212,0.7346194759279505
4.469999999999949,-1.2382655534819418,0.7470755934103628
4.479999999999949,-1.2307947975478382,0.7594582489451822
4.489999999999949,-1.2232002150583863,0.7717661969206606
4.4999999999999485,-1.2154825530891797,0.7839981990712445
4.509999999999948,-1.2076425710984673,0.7961530246021362
4.519999999999948,-1.1996810408524459,0.8082294503131209
4.529999999999948,-1.1915987463493147,0.8202262607216453
4.539999999999948,-1.1833964837420983,0.8321422481851384
4.549999999999947,-1.175075061260247,0.8439762130225593
4.559999999999947,-1.1666352991300213,0.8557269636351618
4.569999999999947,-1.1580780294936697,0.867393316626462
4.579999999999947,-1.149404096327405,0.8789740969213987
4.589999999999947,-1.1406143553581911,0.8904681378846727
4.599999999999946,-1.1317096739793444,0.9018742814382547
4.609999999999946,-1.1226909311649618,0.9131913781780481
4.619999999999946,-1.1135590173831813,0.9244182874896977
4.629999999999946,-1.1043148345082843,0.9355538776635295
4.6399999999999455,-1.094959295731649,0.9465970260086123
4.649999999999945,-1.0854933254715629,0.9575466189659287
4.659999999999945,-1.0759178592819036,0.9684015522206444
4.669999999999945,-1.0662338437596972,0.9791607308134634
4.679999999999945,-1.0564422364515627,0.9898230692510605
4.689999999999944,-1.046544005759052,1.0003874916155762
4.699999999999944,-1.0365401308428963,1.0108529316731667
4.709999999999944,-1.0264316015261647,1.0212183329815956
4.719999999999944,-1.0162194181963489,1.0314826489968572
4.729999999999944,-1.0059045917063802,1.0416448431788206
4.739999999999943,-0.995488143274592,1.0517038890958843
4.749999999999943,-0.9849711043836331,1.0616587705286302
4.759999999999943,-0.9743545166783468,1.0715084815724665
4.769999999999943,-0.9636394318626221,1.08125202673925
4.7799999999999425,-0.9528269115952296,1.0908884210578762
4.789999999999942,-0.9419180273846508,1.1004166901738286
4.799999999999942,-0.9309138604829125,1.1098358704476752
4.809999999999942,-0.9198155017784357,1.1191450090525044
4.819999999999942,-0.9086240516879107,1.1283431640702888
4.8299999999999415,-0.8973406200472078,1.1374294045871678
4.839999999999941,-0.8859663260013362,1.1464028107876398
4.849999999999941,-0.8745022978934598,1.1552624740476531
4.859999999999941,-0.8629496731529832,1.1640074970265877
4.869999999999941,-0.8513095981827173,1.1726369937581176
4.87999999999994,-0.8395832282451362,1.1811500897399447
4.88999999999994,-0.8277717273477367,1.189545922022396
4.89999999999994,-0.8158762681275128,1.1978236392958734
4.90999999999994,-0.8038980317345541,1.2059824019771486
4.9199999999999395,-0.7918382077147826,1.214021382294494
4.929999999999939,-0.7796979938918377,1.2219397643716419
4.939999999999939,-0.7674785962481213,1.2297367443105602
4.949999999999939,-0.7551812288050157,1.2374115302730415
4.959999999999939,-0.7428071135022853,1.2449633425610918
4.9699999999999385,-0.7303574800766744,1.2523914136961145
4.979999999999938,-0.7178335659397133,1.2596949884968813
4.989999999999938,-0.7052366160547444,1.2668733241562784
4.999999999999938,-0.6925678828131816,1.273925690316826
5.009999999999938,-0.6798286259100134,1.2808513691449577
5.019999999999937,-0.6670201122185638,1.2876496554040577
5.029999999999937,-0.6541436156645233,1.2943198565262435
5.039999999999937,-0.6412004170992609,1.3008612926828886
5.049999999999937,-0.628191804172432,1.3072732968538812
5.0599999999999365,-0.6151190712038932,1.3135552148956056
5.069999999999936,-0.6019835190549372,1.3197064056076444
5.079999999999936,-0.5887864549988607,1.3257262407981938
5.089999999999936,-0.5755291925908788,1.3316141053481825
5.099999999999936,-0.562213051537397,1.3373693972740912
5.1099999999999355,-0.5488393575646561,1.3429915277894653
5.119999999999935,-0.5354094422867615,1.3484799213651117
5.129999999999935,-0.5219246430731104,1.3538340157879794
5.139999999999935,-0.5083863029152306,1.3590532622187104
5.149999999999935,-0.49479577029304345,1.3641371252478627
5.159999999999934,-0.48115439904056484,1.369085082950793
5.169999999999934,-0.4674635482110569,1.3738966269411987
5.179999999999934,-0.4537245819416449,1.3785712624233093
5.189999999999934,-0.4399388693174118,1.3831085082427257
5.199999999999934,-0.4261077842349845,1.3875078969358998
5.209999999999933,-0.4122327052656255,1.3917689747782496
5.219999999999933,-0.398315015517843,1.3958913018309058
5.229999999999933,-0.38435610249953395,1.3998744519860842
5.239999999999933,-0.3703573579796731,1.4037180130110796
5.2499999999999325,-0.3563201778495623,1.4074215865908764
5.259999999999932,-0.34224596198365353,1.410984788369372
5.269999999999932,-0.3281361140999598,1.4144072479892085
5.279999999999932,-0.3139920416200677,1.417688609130208
5.289999999999932,-0.29981515552876564,1.4208285295464087
5.299999999999931,-0.28560687023330156,1.4238266811016964
5.309999999999931,-0.2713686034222846,1.4266827498040295
5.319999999999931,-0.25710177592424427,1.4293964358382525
5.329999999999931,-0.24280781156586173,1.4319674535974949
5.339999999999931,-0.2284881370298868,1.4343955317131536
5.34999999999993,-0.21414418171275526,1.4366804130834525
5.35999999999993,-0.19977737758192074,1.43882185490058
5.36999999999993,-0.18538915903291495,1.4408196286763992
5.37999999999993,-0.17098096274615096,1.4426735202667285
5.3899999999999295,-0.15655422754348366,1.44438332989419
5.399999999999929,-0.14211039424454178,1.4459488721696248
5.409999999999929,-0.12765090552284553,1.4473699761120702
5.419999999999929,-0.11317720576172483,1.4486464851672987
5.429999999999929,-0.09869074091005184,1.4497782572249158
5.4399999999999284,-0.08419295833780269,1.4507651646340163
5.449999999999928,-0.06968530669146253,1.4516070942173942
5.459999999999928,-0.05516923574928859,1.452303947284309
5.469999999999928,-0.0406461962764455,1.4528556396418018
5.479999999999928,-0.026117639880027483,1.4532621016045661
5.489999999999927,-0.01158501886398182,1.4535232780033664
5.499999999999927,0.002950213916051844,1.4536391281920062
5.509999999999927,0.017486605197971905,1.4536096260528457
5.519999999999927,0.03202270145850036,1.453434760000866
5.5299999999999265,0.04655704905850902,1.453114532986281
5.539999999999926,0.06108819438837183,1.4526489624956958
5.549999999999926,0.0756146840133288,1.452038080551812
5.559999999999926,0.09013506481884692,1.4512819337116787
5.569999999999926,0.10464788415596371,1.4503805830634902
5.5799999999999255,0.11915168998659861,1.4493341042219305
5.589999999999925,0.13364503102881792,1.4481425873220646
5.599999999999925,0.14812645690203857,1.4468061370117764
5.609999999999925,0.16259451827215635,1.445324872442756
5.619999999999925,0.17704776699658392,1.4436989272600345
5.629999999999924,0.19148475626918426,1.4419284495900686
5.639999999999924,0.20590404076508495,1.4400136020273768
5.649999999999924,0.2203041767853587,1.437954561619726
5.659999999999924,0.23468372240155597,1.4357515198518724
5.6699999999999235,0.24904123760007468,1.4334046826278568
5.679999999999923,0.2633752844263533,1.430914270251856
5.689999999999923,0.2776844271288718,1.4282805174075925
5.699999999999923,0.29196723230294774,1.4255036731363038
5.709999999999923,0.30622226903431077,1.4225840008132742
5.7199999999999225,0.32044810904244353,1.419521778122931
5.729999999999922,0.3346433268236728,1.4163172970325066
5.739999999999922,0.34880649979399786,1.41297086376427
5.749999999999922,0.36293620843164054,1.4094827987663299
5.759999999999922,0.37703103641930386,1.4058534366820135
5.769999999999921,0.391089570786124,1.4020831263178204
5.779999999999921,0.4051104020493022,1.398172230609959
5.789999999999921,0.4190921243554018,1.3941211265894662
5.799999999999921,0.4330333356212964,1.3899302053459122
5.809999999999921,0.44693263767475555,1.3855998719896991
5.81999999999992,0.46078863639465256,1.3811305456129517
5.82999999999992,0.4745999418507821,1.3765226592490052
5.83999999999992,0.48836516844327216,1.3717766598304975
5.84999999999992,0.5020829350415771,1.3668930081460648
5.8599999999999195,0.5157518651230377,1.3618721787956491
5.869999999999919,0.5293705869109943,1.3567146601444187
5.879999999999919,0.5429377335124385,1.3514209542753086
5.889999999999919,0.5564519430551915,1.3459915769401842
5.899999999999919,0.5699118588245934,1.3404270575096324
5.909999999999918,0.5833161293996897,1.3347279389213864
5.919999999999918,0.5966634087889036,1.3288947776273896
5.929999999999918,0.6099523565651774,1.3229281435395006
5.939999999999918,0.6231816380005725,1.3168286199738488
5.949999999999918,0.636349924200311,1.3105968035938431
5.959999999999917,0.6494558922362494,1.30423330435184
5.969999999999917,0.6624982252797679,1.2977387454294775
5.979999999999917,0.6754756127340626,1.2911137631766798
5.989999999999917,0.6883867503658294,1.2843590070493391
5.9999999999999165,0.7012303404363228,1.277475139545681
6.009999999999916,0.7140050918317796,1.2704628361413177
6.019999999999916,0.7267097201931928,1.263322785223
6.029999999999916,0.7393429480454228,1.256055688021068
6.039999999999916,0.7519035049256334,1.2486622585406137
6.0499999999999154,0.7643901275110395,1.2411432234913573
6.059999999999915,0.7768015597459531,1.233499322216247
6.069999999999915,0.7891365529681156,1.2257313066187874
6.079999999999915,0.8013938660343034,1.2178399410891063
6.089999999999915,0.8135722654451945,1.2098260024287633
6.099999999999914,0.825670525469482,1.2016902797743114
6.109999999999914,0.8376874282672252,1.1934335745196165
6.119999999999914,0.8496217640124214,1.1850567002369443
6.129999999999914,0.8614723310147908,1.1765604825968201
6.1399999999999135,0.873237935840759,1.1679457592866722
6.149999999999913,0.8849173934336257,1.1592133799282647
6.159999999999913,0.8965095272329084,1.1503642059939285
6.169999999999913,0.9080131692928477,1.1413991107215995
6.179999999999913,0.9194271604000637,1.132318979028671
6.1899999999999125,0.9307503501903504,1.1231247074246704
6.199999999999912,0.9419815972645971,1.113817203922767
6.209999999999912,0.9531197693038247,1.104397387950121
6.219999999999912,0.9641637431833259,1.0948661902570826
6.229999999999912,0.9751124050858967,1.0852245528252493
6.239999999999911,0.9859646506141492,1.0754734287743903
6.249999999999911,0.996719384901893,1.0656137822682488
6.259999999999911,1.0073755227245755,1.0556465884192299
6.269999999999911,1.0179319886087679,1.045572833191984
6.2799999999999105,1.0283877169406876,1.0353935133058962
6.28999999999991,1.0387416520737467,1.0251096361364893
6.29999999999991,1.0489927484351116,1.014722219615752
6.30999999999991,1.0591399706312692,1.0042322921314009
6.31999999999991,1.0691822935525832,0.9936408924250881
6.3299999999999095,1.079118702476834,0.9829490694895623
6.339999999999909,1.0889481931717298,0.972157882464794
6.349999999999909,1.0986697719963776,0.9612684005330766
6.359999999999909,1.1082824560017084,0.9502817028131129
6.369999999999909,1.1177852730298394,0.9391988782530958
6.379999999999908,1.1271772618123703,0.9280210255227974
6.389999999999908,1.1364574720675984,0.9167492529046737
6.399999999999908,1.1456249645966452,0.9053846781839977
6.409999999999908,1.1546788113784852,0.8939284285380312
6.419999999999908,1.1636180956638655,0.8823816404242464
6.429999999999907,1.172441912068108,0.8707454594676077
6.439999999999907,1.1811493666627841,0.8590210403469266
6.449999999999907,1.1897395770662533,0.8472095466802988
6.459999999999907,1.1982116725330563,0.8353121509096363
6.4699999999999065,1.2065647940421527,0.8233300341843057
6.479999999999906,1.2147980943839958,0.8112643862438842
6.489999999999906,1.2229107382464346,0.7991164053000442
6.499999999999906,1.230901902299435,0.7868872979175799
6.509999999999906,1.2387707752786108,0.7745782788945856
6.519999999999905,1.2465165580675566,0.7621905711417996
6.529999999999905,1.2541384637789745,0.749725405561124
6.539999999999905,1.2616357178345858,0.7371840209233342
6.549999999999905,1.2690075580438192,0.7245676637449884
6.559999999999905,1.276253234681269,0.7118775881645502
6.569999999999904,1.2833720105629145,0.6991150558177375
6.579999999999904,1.290363161121092,0.6862813357121084
6.589999999999904,1.297225974478213,0.6733777041008975
6.599999999999904,1.303959751519222,0.6604054443561154
6.6099999999999035,1.310563805962783,0.6473658468409231
6.619999999999903,1.3170374644311924,0.6342602087812953
6.629999999999903,1.3233800665190054,0.6210898341369834
6.639999999999903,1.3295909648603752,0.6078560334717933
6.649999999999903,1.3356695251950932,0.5945601238231896
6.659999999999902,1.3416151264333251,0.5812034285712386
6.669999999999902,1.3474271607190376,0.5677872773069054
6.679999999999902,1.3531050334921066,0.554313005699715
6.689999999999902,1.358648163549104,0.5407819553647939
6.699999999999902,1.364055983102752,0.5271954737293029
6.709999999999901,1.369327937840045,0.5135549138982753
6.719999999999901,1.3744634869790278,0.4998616345198749
6.729999999999901,1.3794621033242265,0.48611699965008465
6.739999999999901,1.3843232733207274,0.4723223786168424
6.7499999999999005,1.3890464971068959,0.45847914588363514
6.7599999999999,1.3936312885657323,0.4445886809125662
6.7699999999999,1.398077175374858,0.43065236802690887
6.7799999999999,1.402383699055127,0.4166715962731603
6.7899999999999,1.4065504150178587,0.40264775928260904
6.7999999999998995,1.4105768926106848,0.38858225513243044
6.809999999999899,1.414462715162009,0.37447648620632357
6.819999999999899,1.4182074800240723,0.3603318590547035
6.829999999999899,1.4218107986146193,0.34614978425446274
6.839999999999899,1.425272296457164,0.33193167626831654
6.849999999999898,1.4285916132198473,0.3176789533037449
6.859999999999898,1.4317684027528848,0.3033930371715464
6.869999999999898,1.4348023331246003,0.28907535314401755
6.879999999999898,1.4376930866560405,0.27472732981277154
6.8899999999998975,1.4404403599541682,0.26035039894621115
6.899999999999897,1.4430438639436303,0.24594599534666947
6.909999999999897,1.445503323897097,0.23151555670723317
6.919999999999897,1.4478184794641693,0.2170605234682622
6.929999999999897,1.449989084698852,0.20258233867362052
6.9399999999998965,1.4520149080855882,0.188082447826632
6.949999999999896,1.4538957325638546,0.1735622987457761
6.959999999999896,1.4556313555513123,0.15902334142013758
6.969999999999896,1.4572215889655136,0.14446702786462445
6.979999999999896,1.4586662592441597,0.12989481197496933
6.989999999999895,1.4599652073639093,0.11530814938252773
6.999999999999895,1.4611182888577345,0.10070849730888863
7.009999999999895,1.4621253738308235,0.08609731442031128
7.019999999999895,1.4629863469750266,0.07147606068200305
7.0299999999998946,1.4637011075818467,0.05684619721225278
7.039999999999894,1.4642695695539691,0.04220918613643431
7.049999999999894,1.4646916614153336,0.02756649044089462
7.059999999999894,1.4649673263197425,0.012919573826741283
7.069999999999894,1.4650965220580099,-0.001730099436456141
7.0799999999998935,1.4650792210636454,-0.01638106465703624
7.089999999999893,1.464915410417075,-0.031031856867672694
7.099999999999893,1.4646050918483982,-0.04568101097184345
7.109999999999893,1.4641482817386797,-0.06032706189032743
7.119999999999893,1.4635450111197765,-0.07496854470771423
7.129999999999892,1.4627953256726993,-0.089603994818912
7.139999999999892,1.4618992857245101,-0.10423194807563899
7.149999999999892,1.4608569662437538,-0.11885094093288409
7.159999999999892,1.459668456834425,-0.13345951059532163
7.169999999999892,1.4583338617284718,-0.1480561951636659
7.179999999999891,1.456853299776835,-0.1626395337809506
7.189999999999891,1.4552269044390256,-0.17720806677871898
7.199999999999891,1.4534548237712384,-0.19176033582310922
7.209999999999891,1.4515372204130073,-0.2062948840608216
7.2199999999998905,1.449474271572399,-0.22081025626495168
7.22999999999989,1.4472661690097495,-0.23530499898067567
7.23999999999989,1.4449131190199427,-0.24977766067077317
7.24999999999989,1.4424153424132349,-0.2642267918609726
7.25999999999989,1.439773074494625,-0.2786509452851049
7.269999999999889,1.4369865650417741,-0.2930486760300512
7.279999999999889,1.4340560782814735,-0.30741854168046895
7.289999999999889,1.430981892864669,-0.3217591024632837
7.299999999999889,1.427764301840036,-0.3360689213919304
7.309999999999889,1.4244036126261168,-0.35034656441033074
7.319999999999888,1.4209001469820135,-0.3645906005365919
7.329999999999888,1.4172542409766475,-0.37879960200641205
7.339999999999888,1.4134662449565834,-0.3929721444161785
7.349999999999888,1.4095365235124215,-0.40710680686574435
7.3599999999998875,1.405465455443764,-0.4212021721008686
7.369999999999887,1.4012534337227553,-0.43525682665530624
7.379999999999887,1.3969008654562023,-0.4492693609925338
7.389999999999887,1.3924081718462769,-0.4632383696470958
7.399999999999887,1.3877757881498058,-0.47716245136555857
7.4099999999998865,1.3830041636361503,-0.4910402092470566
7.419999999999886,1.3780937615436797,-0.5048702508834181
7.429999999999886,1.3730450590348455,-0.5186511884988548
7.439999999999886,1.367858547149857,-0.5323816390892033
7.449999999999886,1.362534730758965,-0.5460602245607019
7.459999999999885,1.357074128513358,-0.5596855718682916
7.469999999999885,1.351477272794675,-0.5732563131534252
7.479999999999885,1.345744709663141,-0.586771085881372
7.489999999999885,1.3398769988043273,-0.6002285329780034
7.4999999999998845,1.3338747134745472,-0.6136273029660466
7.509999999999884,1.3277384404448869,-0.6269660501007921
7.519999999999884,1.321468779943879,-0.640243434505241
7.529999999999884,1.3150663455988265,-0.6534581223046798
7.539999999999884,1.3085317643757797,-0.6666087857606681
7.5499999999998835,1.301865676518173,-0.6796941034044258
7.559999999999883,1.2950687354841288,-0.6927127601696076
7.569999999999883,1.2881416078824328,-0.7056634475244489
7.579999999999883,1.2810849734071883,-0.7185448636032732
7.589999999999883,1.2738995247711555,-0.7313557133373451
7.599999999999882,1.266585967637782,-0.7440947085850567
7.609999999999882,1.2591450205519314,-0.7567605682614345
7.619999999999882,1.251577414869317,-0.7693520184669538
7.629999999999882,1.2438838946846476,-0.781867792615647
7.6399999999998816,1.2360652167584911,-0.7943066315624935
7.649999999999881,1.228122150442866,-0.8066672837300783
7.659999999999881,1.2200554776055652,-0.818948505234507
7.669999999999881,1.21186599255322,-0.8311490600105627
7.679999999999881,1.2035545019531144,-0.8432677199360948
7.6899999999998805,1.1951218247537534,-0.855303264955626
7.69999999999988,1.1865687921041972,-0.8672544832031636
7.70999999999988,1.1778962472721655,-0.8791201711242055
7.71999999999988,1.1691050455609233,-0.8908991335969272
7.72999999999988,1.160196054224954,-0.9025901840525364
7.739999999999879,1.1511701523844287,-0.9141921445947859
7.749999999999879,1.1420282309384808,-0.9257038461186302
7.759999999999879,1.1327711924772945,-0.9371241284280151
7.769999999999879,1.1233999511930144,-0.9484518403527881
7.779999999999879,1.1139154327894865,-0.9596858398647182
7.789999999999878,1.1043185743908392,-0.9708249941926131
7.799999999999878,1.0946103244489132,-0.9818681799365215
7.809999999999878,1.0847916426495479,-0.9928142831810106
7.819999999999878,1.0748634998177378,-1.0036621996075061
7.8299999999998775,1.0648268778216627,-1.0144108346056835
7.839999999999877,1.054682769475606,-1.0250591033839
7.849999999999877,1.044432178441767,-1.035605931078656
7.859999999999877,1.0340761191309804,-1.0460502528630737
7.869999999999877,1.0236156166023496,-1.0563910140543835
7.879999999999876,1.0130517064618056,-1.066627170220407
7.889999999999876,1.0023854347596015,-1.076757687285025
7.899999999999876,0.9916178578867513,-1.0867815416326212
7.909999999999876,0.9807500424704251,-1.0966977202114887
7.919999999999876,0.9697830652683102,-1.106505220636193
7.929999999999875,0.9587180130619483,-1.116203051288876
7.939999999999875,0.9475559825490595,-1.1257902314194956
7.949999999999875,0.9362980802348645,-1.1352657912449862
7.959999999999875,0.9249454223224146,-1.1446287720473347
7.9699999999998745,0.9134991346019412,-1.153878226270559
7.979999999999874,0.9019603523392357,-1.1630132176165784
7.989999999999874,0.8903302201630698,-1.1720328211399706
7.999999999999874,0.8786098919516702,-1.1809361233416014
8.009999999999874,0.8668005307182541,-1.1897222222611181
8.019999999999873,0.854903308495643,-1.1983902275683007
8.029999999999873,0.84291940621996,-1.2069392606532572
8.039999999999873,0.8308500136134274,-1.2153684547154568
8.049999999999873,0.8186963290662728,-1.2236769548515911
8.059999999999873,0.8064595595177568,-1.231863918142254
8.069999999999872,0.7941409203363343,-1.2399285137374314
8.079999999999872,0.78174163519896,-1.2478699229407948
8.089999999999872,0.7692629359695521,-1.2556873392927843
8.099999999999872,0.7567060625766242,-1.2633799686524798
8.109999999999872,0.7440722628900994,-1.270947029278246
8.119999999999871,0.731362792597317,-1.2783877519071472
8.129999999999871,0.7185789150782455,-1.2857013798331203
8.139999999999871,0.7057219012799143,-1.2928871689839028
8.14999999999987,0.6927930295900753,-1.2999443879967019
8.15999999999987,0.6797935857101083,-1.3068723182926025
8.16999999999987,0.6667248625271822,-1.3136702541497036
8.17999999999987,0.6535881599856852,-1.3203375027749755
8.18999999999987,0.6403847849579355,-1.3268733843748324
8.19999999999987,0.6271160511141872,-1.3332772322244117
8.20999999999987,0.613783278791943,-1.3395483927355536
8.21999999999987,0.6003877948645875,-1.345686225523473
8.229999999999869,0.5869309326093528,-1.351690103472119
8.239999999999869,0.5734140315746317,-1.3575594127982125
8.249999999999869,0.5598384374466495,-1.3632935531139587
8.259999999999868,0.54620550191551,-1.3688919374884252
8.269999999999868,0.5325165825406257,-1.3743539925075803
8.279999999999868,0.5187730426155499,-1.3796791583329866
8.289999999999868,0.50497625103222,-1.384866888759142
8.299999999999867,0.4911275821446286,-1.3899166512694643
8.309999999999867,0.47722841563193397,-1.3948279270909105
8.319999999999867,0.4632801363610249,-1.3996002112472299
8.329999999999867,0.44928413424855257,-1.4042330126108402
8.339999999999867,0.4352418041224442,-1.4087258539533258
8.349999999999866,0.42115454558291093,-1.4130782719945503
8.359999999999866,0.40702376286296543,-1.4172898174503794
8.369999999999866,0.39285086468846164,-1.421360055079009
8.379999999999866,0.37863726413767157,-1.4252885637258936
8.389999999999866,0.3643843785004126,-1.4290749363672703
8.399999999999865,0.3500936291367399,-1.4327187801522745
8.409999999999865,0.33576644133521716,-1.4362197164436419
8.419999999999865,0.32140424417078073,-1.439577380856994
8.429999999999865,0.3070084703622108,-1.4427914232987018
8.439999999999864,0.2925805561292238,-1.4458615080023238
8.449999999999864,0.27812194104920057,-1.448787313563616
8.459999999999864,0.2636340679135644,-1.451568532974108
8.469999999999864,0.24911838258382335,-1.4542048736532436
8.479999999999864,0.2345763338472909,-1.4566960574790817
8.489999999999863,0.2200093732725001,-1.4590418208175546
8.499999999999863,0.20541895506432453,-1.4612419145502795
8.509999999999863,0.19080653591882174,-1.4632961041009227
8.519999999999863,0.17617357487781252,-1.465204169460111
8.529999999999863,0.1615215331832114,-1.466965905208889
8.539999999999862,0.14685187413112252,-1.468581120540721
8.549999999999862,0.1321660629257153,-1.4700496392820324
8.559999999999862,0.11746556653289499,-1.4713712999112896
8.569999999999862,0.10275185353378209,-1.4725459555766185
8.579999999999862,0.08802639397801591,-1.4735734741119564
8.589999999999861,0.07329065923689634,-1.4744537380517366
8.599999999999861,0.058546121856378974,-1.4751866446441055
8.60999999999986,0.04379425540993792,-1.4757721058626694
8.61999999999986,0.029036534351311226,-1.4762100484167688
8.62999999999986,0.014274433867143537,-1.476500413760282
8.63999999999986,-4.905702704592826E-4,-1.4766431580989534
8.64999999999986,-0.015257001851448817,-1.476638252396249
8.65999999999986,-0.030023384375411306,-1.4764856823777344
8.66999999999986,-0.04478824119918865,-1.4761854485339803
8.67999999999986,-0.05955009568452845,-1.4757375661219885
8.68999999999986,-0.07430747134574833,-1.4751420651651432
8.699999999999859,-0.08905889199739976,-1.4743989904516857
8.709999999999859,-0.10380288190191661,-1.4735084015317117
8.719999999999859,-0.11853796591723373,-1.4724703727126924
8.729999999999858,-0.13326266964436065,-1.4712849930535201
8.739999999999858,-0.14797551957489585,-1.4699523663570766
8.749999999999858,-0.16267504323846663,-1.4684726111613275
8.759999999999858,-0.1773597693500799,-1.466845860728943
8.769999999999857,-0.19202822795736935,-1.4650722630354422
8.779999999999857,-0.20667895058772376,-1.4631519807558686
8.789999999999857,-0.22131047039528245,-1.4610851912499914
8.799999999999857,-0.23592132230778237,-1.4588720865460385
8.809999999999857,-0.25051004317324277,-1.4565128733229606
8.819999999999856,-0.2650751719064724,-1.4540077728912282
8.829999999999856,-0.2796152496353847,-1.4513570211721634
8.839999999999856,-0.2941288198471063,-1.4485608686758096
8.849999999999856,-0.3086144285338644,-1.4456195804773384
8.859999999999856,-0.32307062433863776,-1.4425334361919997
8.869999999999855,-0.33749595870055776,-1.4393027299486134
8.879999999999855,-0.3518889860000439,-1.4359277703616078
8.889999999999855,-0.36624826370366,-1.4324088805016073
8.899999999999855,-0.38057235250867605,-1.4287463978645707
8.909999999999854,-0.39485981648732177,-1.424940674339484
8.919999999999854,-0.40910922323071663,-1.4209920761746107
8.929999999999854,-0.42331914399246273,-1.4169009839423035
8.939999999999854,-0.4374881538318858,-1.4126677925023787
8.949999999999854,-0.4516148317569096,-1.4082929109640598
8.959999999999853,-0.4656977608665502,-1.4037767626464908
8.969999999999853,-0.4797355284930151,-1.3991197850378252
8.979999999999853,-0.4937267263433934,-1.394322429752895
8.989999999999853,-0.5076699506409224,-1.389385162489461
8.999999999999853,-0.521563802265817,-1.3843084629830518
9.009999999999852,-0.5354068868956475,-1.3790928249603935
9.019999999999852,-0.5491978151452515,-1.3737387560914371
9.029999999999852,-0.5629352027061658,-1.3682467779399847
9.039999999999852,-0.5766176704855657,-1.3626174259129231
9.049999999999851,-0.5902438447446949,-1.3568512492080675
9.059999999999851,-0.6038123572367756,-1.3509488107606207
9.069999999999851,-0.6173218453443818,-1.344910687188253
9.07999999999985,-0.6307709522162643,-1.3387374687348093
9.08999999999985,-0.6441583269036124,-1.3324297592126466
9.09999999999985,-0.6574826244957389,-1.3259881759436105
9.10999999999985,-0.6707425062551751,-1.319413349698653
9.11999999999985,-0.6839366397521616,-1.3127059246361013
9.12999999999985,-0.6970636989985226,-1.3058665582385796
9.13999999999985,-0.7101223645809084,-1.2988959212485944
9.14999999999985,-0.7231113237933944,-1.2917946976027854
9.15999999999985,-0.7360292707694223,-1.2845635843648515
9.169999999999849,-0.7488749066130708,-1.2772032916571574
9.179999999999849,-0.7616469395296424,-1.2697145425910268
9.189999999999849,-0.7743440849555526,-1.2620980731957303
9.199999999999848,-0.7869650656875099,-1.2543546323461747
9.209999999999848,-0.7995086120109717,-1.2464849816892996
9.219999999999848,-0.8119734618278647,-1.2384898955691899
9.229999999999848,-0.8243583607835566,-1.2303701609509112
9.239999999999847,-0.8366620623930657,-1.2221265773430756
9.249999999999847,-0.8488833281664965,-1.213759956719145
9.259999999999847,-0.8610209277336879,-1.20527112343748
9.269999999999847,-0.8730736389680627,-1.1966609141601432
9.279999999999847,-0.8850402481096641,-1.1879301777704625
9.289999999999846,-0.8969195498873687,-1.1790797752893658
9.299999999999846,-0.9087103476402624,-1.170110579790492
9.309999999999846,-0.9204114534381673,-1.1610234763140894
9.319999999999846,-0.9320216882013083,-1.1518193617797077
9.329999999999846,-0.9435398818191053,-1.1424991448976947
9.339999999999845,-0.9549648732680822,-1.1330637460795037
9.349999999999845,-0.9662955107288772,-1.123514097346823
9.359999999999845,-0.9775306517023454,-1.113851142239534
9.369999999999845,-0.9886691631247407,-1.1040758357225107
9.379999999999844,-0.9997099214819658,-1.0941891440912632
9.389999999999844,-1.0106518129228785,-1.0841920448764435
9.399999999999844,-1.021493733371643,-1.0740855267472147
9.409999999999844,-1.032234588639115,-1.0638705894134983
9.419999999999844,-1.0428732945332502,-1.053548243527107
9.429999999999843,-1.0534087769685212,-1.0431195105817745
9.439999999999843,-1.063839972074339,-1.0325854228120894
9.449999999999843,-1.0741658263024598,-1.021947023091346
9.459999999999843,-1.0843852965333733,-1.0112053648283215
9.469999999999843,-1.0944973501816566,-1.0003615118629878
9.479999999999842,-1.1045009653002864,-0.9894165383611713
9.489999999999842,-1.1143951306838982,-0.9783715287081685
9.499999999999842,-1.1241788459709798,-0.9672275774013295
9.509999999999842,-1.1338511217449931,-0.9559857889416197
9.519999999999841,-1.1434109796344094,-0.9446472777241698
9.529999999999841,-1.152857452411651,-0.9332131679278257
9.539999999999841,-1.1621895840909293,-0.9216845934037092
9.54999999999984,-1.1714064300249665,-0.9100626975627999
9.55999999999984,-1.1805070570005944,-0.8983486332625502
9.56999999999984,-1.18949054333322,-0.8865435626925443
9.57999999999984,-1.1983559789601455,-0.8746486572592121
9.58999999999984,-1.2071024655327376,-0.8626650974696107
9.59999999999984,-1.2157291165074338,-0.8505940728142833
9.60999999999984,-1.2242350572355767,-0.838436781649209
9.61999999999984,-1.2326194250520688,-0.8261944310768532
9.62999999999984,-1.2408813693628373,-0.8138682368263325
9.639999999999839,-1.2490200517311008,-0.8014594231327041
9.649999999999839,-1.2570346459624278,-0.7889692226153932
9.659999999999838,-1.2649243381885817,-0.7763988761557689
9.669999999999838,-1.2726883269501394,-0.7637496327738831
9.679999999999838,-1.2803258232778782,-0.7510227495043816
9.689999999999838,-1.287836050772922,-0.7382194912716028
9.699999999999838,-1.295218245685638,-0.7253411307638736
9.709999999999837,-1.3024716569932768,-0.7123889483070173
9.719999999999837,-1.309595546476347,-0.6993642317370845
9.729999999999837,-1.3165891887937178,-0.686268276272321
9.739999999999837,-1.323451871556441,-0.6731023843843839
9.749999999999837,-1.3301828954002848,-0.6598678656688195
9.759999999999836,-1.336781574056973,-0.6465660367148166
9.769999999999836,-1.3432472344241213,-0.6331982209742468
9.779999999999836,-1.3495792166338638,-0.6197657486300057
9.789999999999836,-1.355776874120164,-0.606269956463667
9.799999999999836,-1.3618395736848006,-0.5927121877224654
9.809999999999835,-1.3677666955620251,-0.5790937919856174
9.819999999999835,-1.3735576334818813,-0.5654161250299972
9.829999999999835,-1.3792117947321814,-0.5516805486951784
9.839999999999835,-1.3847286002191332,-0.5378884307478565
9.849999999999834,-1.3901074845266117,-0.5240411447456652
9.859999999999834,-1.3953478959740684,-0.5101400699003991
9.869999999999834,-1.4004492966730724,-0.49618659094065837
9.879999999999834,-1.405411162582479,-0.48218209797392764
9.889999999999834,-1.4102329835622183,-0.4681279863481028
9.899999999999833,-1.4149142634256993,-0.4540256565124806
9.909999999999833,-1.4194545199908242,-0.43987651387822363
9.919999999999833,-1.4238532851296064,-0.42568196867831537
9.929999999999833,-1.4281101048163896,-0.4114434358270193
9.939999999999833,-1.4322245391746597,-0.39716233477885543
9.949999999999832,-1.4361961625224482,-0.38284008938710884
9.959999999999832,-1.4400245634163193,-0.3684781277618844
9.969999999999832,-1.4437093446939382,-0.3540778821277212
9.979999999999832,-1.4472501235152153,-0.3396407886807818
9.989999999999831,-1.4506465314020232,-0.32516828744562964
9.999999999999831,-1.4538982142764794,-0.3106618221316094
